# TIME, VOLTAGE, LPM
0.00000000,4.50000000,-0.24039160
0.10000000,4.50000000,7.76431132
0.20000000,4.50000000,8.85463082
0.30000000,4.50000000,9.41078156
0.40000000,5.00000000,10.39662631
0.50000000,5.00000000,10.59745016
0.60000000,5.00000000,11.24234548
0.70000000,5.00000000,10.92215026
0.80000000,5.00000000,10.92944723
0.90000000,5.00000000,10.94406343
1.00000000,5.00000000,10.95952022
1.10000000,5.00000000,10.92017480
1.20000000,5.00000000,10.56802528
1.30000000,5.00000000,11.15040663
1.40000000,5.00000000,11.10003340
1.50000000,5.00000000,11.11976278
1.60000000,5.00000000,11.20842079
1.70000000,5.00000000,10.90263204
1.80000000,5.00000000,10.92323819
1.90000000,5.00000000,11.22394636
2.00000000,5.00000000,11.29420474
2.10000000,5.00000000,11.10757090
2.20000000,5.00000000,11.23709010
2.30000000,5.00000000,11.10119170
2.40000000,5.00000000,11.08418890
2.50000000,5.00000000,11.07147284
2.60000000,5.00000000,11.10332524
2.70000000,4.00000000,10.00553194
2.80000000,4.00000000,8.99333815
2.90000000,4.00000000,9.10625800
3.00000000,4.00000000,8.80546884
3.10000000,4.00000000,8.68979848
3.20000000,4.00000000,8.59879965
3.30000000,5.00000000,10.02937429
3.40000000,5.00000000,10.81683418
3.50000000,5.00000000,10.86289970
3.60000000,5.00000000,10.97836125
3.70000000,5.00000000,11.14142625
3.80000000,5.00000000,11.16565549
3.90000000,5.00000000,10.92908569
4.00000000,4.00000000,10.01577080
4.10000000,4.00000000,8.96313397
4.20000000,5.00000000,9.94699573
4.30000000,5.00000000,10.53301565
4.40000000,4.00000000,9.69006085
4.50000000,4.00000000,9.15767175
4.60000000,5.00000000,10.17220196
4.70000000,5.00000000,10.97901748
4.80000000,5.00000000,10.89015030
4.90000000,4.00000000,9.88245963
5.00000000,4.00000000,9.11438017
5.10000000,4.00000000,8.69764346
5.20000000,5.00000000,10.16156940
5.30000000,5.00000000,10.68427650
5.40000000,4.00000000,9.95764600
5.50000000,4.00000000,8.89589693
5.60000000,4.00000000,9.10249822
5.70000000,4.00000000,9.08182331
5.80000000,5.00000000,10.13541203
5.90000000,5.00000000,11.03110301
6.00000000,5.00000000,10.99386869
6.10000000,4.00000000,9.87287859
6.20000000,4.00000000,9.15121714
6.30000000,5.00000000,10.18980995
6.40000000,5.00000000,10.58215958
6.50000000,5.00000000,10.71601337
6.60000000,5.00000000,10.96317023
6.70000000,5.00000000,10.88577804
6.80000000,5.00000000,10.77327634
6.90000000,5.00000000,11.20109526
7.00000000,4.00000000,9.77368861
7.10000000,4.00000000,9.02111726
7.20000000,4.00000000,8.91838527
7.30000000,4.00000000,8.89827209
7.40000000,5.00000000,10.22472349
7.50000000,5.00000000,10.77608573
7.60000000,5.00000000,10.82410008
7.70000000,5.00000000,11.01083903
7.80000000,5.00000000,11.08387697
7.90000000,5.00000000,10.89505165
8.00000000,5.00000000,10.97132380
8.10000000,5.00000000,11.16758468
8.20000000,5.00000000,11.19653982
8.30000000,5.00000000,11.24174115
8.40000000,5.00000000,10.88950328
8.50000000,5.00000000,11.22343629
8.60000000,5.00000000,11.07752208
8.70000000,5.00000000,11.12236573
8.80000000,5.00000000,10.93560269
8.90000000,5.00000000,10.98952371
9.00000000,5.00000000,11.06087427
9.10000000,5.00000000,11.15899090
9.20000000,5.00000000,11.17409034
9.30000000,5.00000000,11.18923160
9.40000000,5.00000000,11.15469813
9.50000000,5.00000000,11.25241837
9.60000000,5.00000000,10.91922803
9.70000000,5.00000000,10.99165609
9.80000000,5.00000000,11.25461287
9.90000000,5.00000000,10.81148629
10.00000000,4.00000000,10.14239886
10.10000000,4.00000000,8.93455290
10.20000000,4.00000000,9.30844947
10.30000000,4.00000000,8.98170219
10.40000000,4.00000000,8.95875756
10.50000000,5.00000000,10.30455403
10.60000000,5.00000000,10.68323278
10.70000000,5.00000000,11.12370947
10.80000000,5.00000000,10.83851460
10.90000000,5.00000000,11.15104802
11.00000000,5.00000000,11.21403919
11.10000000,5.00000000,10.97081493
11.20000000,5.00000000,11.18028042
11.30000000,5.00000000,11.25751095
11.40000000,5.00000000,11.16562529
11.50000000,5.00000000,11.06615783
11.60000000,5.00000000,10.97857839
11.70000000,5.00000000,11.21496883
11.80000000,5.00000000,10.84562242
11.90000000,5.00000000,11.25013496
12.00000000,5.00000000,10.87417472
12.10000000,5.00000000,11.14607536
12.20000000,5.00000000,11.10970440
12.30000000,5.00000000,11.18057214
12.40000000,5.00000000,11.32970192
12.50000000,5.00000000,11.32747997
12.60000000,5.00000000,11.07782726
12.70000000,5.00000000,10.80947535
12.80000000,5.00000000,11.19573666
12.90000000,5.00000000,11.22400088
13.00000000,5.00000000,10.98957257
13.10000000,5.00000000,11.11185274
13.20000000,5.00000000,11.13966382
13.30000000,5.00000000,11.01672854
13.40000000,5.00000000,10.88033881
13.50000000,5.00000000,10.92951217
13.60000000,5.00000000,11.01044861
13.70000000,5.00000000,11.16762462
13.80000000,5.00000000,11.12894932
13.90000000,5.00000000,11.06935802
14.00000000,5.00000000,11.16115871
14.10000000,5.00000000,11.29423443
14.20000000,5.00000000,11.09694019
14.30000000,5.00000000,11.03561226
14.40000000,5.00000000,11.20224491
14.50000000,5.00000000,11.12894932
14.60000000,5.00000000,11.16115871
14.70000000,5.00000000,10.98332706
14.80000000,5.00000000,11.06724277
14.90000000,5.00000000,11.07570949
15.00000000,5.00000000,11.00000015
15.10000000,5.00000000,10.97293297
15.20000000,5.00000000,11.13109031
15.30000000,5.00000000,11.15039936
15.40000000,5.00000000,10.97916713
15.50000000,5.00000000,10.78941169
15.60000000,5.00000000,11.00000015
15.70000000,5.00000000,11.01882282
15.80000000,5.00000000,11.14395538
15.90000000,4.00000000,10.05941495
16.00000000,4.00000000,9.15492227
16.10000000,5.00000000,10.13790492
16.20000000,5.00000000,10.57626891
16.30000000,4.00000000,9.77375939
16.40000000,4.00000000,8.94725932
16.50000000,4.00000000,8.90095869
16.60000000,4.00000000,8.75755665
16.70000000,4.00000000,8.92813161
16.80000000,4.00000000,8.86526200
16.90000000,4.00000000,8.69431477
17.00000000,4.00000000,8.89203090
17.10000000,4.00000000,8.67675420
17.20000000,4.00000000,8.96095015
17.30000000,4.00000000,8.85756603
17.40000000,5.00000000,9.99761455
17.50000000,5.00000000,10.66411233
17.60000000,4.00000000,9.79250513
17.70000000,4.00000000,9.10626199
17.80000000,5.00000000,10.09332894
17.90000000,5.00000000,10.84452752
18.00000000,4.00000000,9.76064194
18.10000000,4.00000000,9.01426174
18.20000000,4.00000000,8.98326817
18.30000000,4.00000000,8.83187279
18.40000000,5.00000000,10.03346341
18.50000000,5.00000000,10.93659224
18.60000000,4.00000000,10.02998826
18.70000000,4.00000000,9.05895234
18.80000000,4.00000000,9.03880057
18.90000000,5.00000000,10.11892091
19.00000000,5.00000000,10.48396124
19.10000000,5.00000000,10.96527209
19.20000000,5.00000000,11.14010747
19.30000000,5.00000000,11.07240069
19.40000000,5.00000000,11.34626410
19.50000000,5.00000000,11.11734069
19.60000000,5.00000000,11.10128768
19.70000000,5.00000000,10.82015016
19.80000000,5.00000000,11.10360154
19.90000000,5.00000000,10.82054679
20.00000000,5.00000000,11.28927078
20.10000000,5.00000000,11.27188907
20.20000000,5.00000000,11.09890700
20.30000000,5.00000000,11.15031208
20.40000000,5.00000000,11.00204038
20.50000000,5.00000000,11.06298753
20.60000000,5.00000000,11.13107637
20.70000000,5.00000000,11.10971187
20.80000000,5.00000000,11.19790064
20.90000000,5.00000000,10.91922648
21.00000000,5.00000000,11.26778498
21.10000000,5.00000000,11.04824016
21.20000000,5.00000000,10.99582652
21.30000000,5.00000000,11.12680908
21.40000000,5.00000000,10.97708802
21.50000000,5.00000000,11.13109026
21.60000000,5.00000000,10.98332703
21.70000000,5.00000000,10.84782042
21.80000000,5.00000000,11.02091804
21.90000000,5.00000000,10.99165645
22.00000000,5.00000000,10.96670738
22.10000000,5.00000000,11.24803749
22.20000000,5.00000000,11.12680927
22.30000000,5.00000000,11.27658764
22.40000000,5.00000000,11.30086723
22.50000000,5.00000000,11.20224491
22.60000000,5.00000000,11.22182193
22.70000000,5.00000000,11.09056202
22.80000000,5.00000000,11.05456653
22.90000000,5.00000000,10.99582687
23.00000000,5.00000000,11.05245701
23.10000000,5.00000000,11.36317936
23.20000000,5.00000000,11.08843723
23.30000000,5.00000000,10.98540798
23.40000000,5.00000000,11.14395538
23.50000000,5.00000000,11.10971943
23.60000000,5.00000000,11.20224491
23.70000000,5.00000000,10.69814125
23.80000000,4.00000000,10.17109308
23.90000000,4.00000000,9.31307390
24.00000000,4.00000000,9.18007538
24.10000000,4.00000000,8.97743451
24.20000000,4.00000000,8.95447747
24.30000000,4.00000000,8.93619725
24.40000000,4.00000000,8.74639521
24.50000000,4.00000000,8.98588308
24.60000000,4.00000000,8.73713157
24.70000000,4.00000000,9.09922822
24.80000000,4.00000000,8.75926130
24.90000000,4.00000000,8.95343226
25.00000000,4.00000000,8.95314970
25.10000000,4.00000000,8.75830472
25.20000000,4.00000000,9.09722888
25.30000000,4.00000000,8.73331883
25.40000000,5.00000000,10.11077396
25.50000000,5.00000000,10.62028149
25.60000000,5.00000000,10.97121694
25.70000000,5.00000000,11.04214862
25.80000000,5.00000000,11.06510353
25.90000000,5.00000000,11.21508788
26.00000000,5.00000000,11.18694514
26.10000000,5.00000000,11.29595529
26.20000000,5.00000000,10.69427516
26.30000000,5.00000000,11.20014697
26.40000000,5.00000000,11.10858099
26.50000000,5.00000000,11.14333760
26.60000000,5.00000000,10.98507275
26.70000000,5.00000000,11.08825532
26.80000000,5.00000000,11.36308065
26.90000000,5.00000000,11.05240345
27.00000000,5.00000000,10.99579781
27.10000000,5.00000000,11.05455076
27.20000000,5.00000000,11.09055346
27.30000000,5.00000000,11.22181729
27.40000000,4.00000000,10.07025571
27.50000000,4.00000000,9.41386541
27.60000000,5.00000000,10.34936430
27.70000000,5.00000000,10.88152440
27.80000000,4.00000000,10.00506812
27.90000000,4.00000000,9.02137972
28.00000000,4.00000000,8.90095863
28.10000000,4.00000000,8.87155980
28.20000000,4.00000000,8.66836501
28.30000000,4.00000000,8.78768821
28.40000000,4.00000000,8.92668228
28.50000000,4.00000000,8.76792257
28.60000000,4.00000000,8.91506215
28.70000000,4.00000000,8.78267886
28.80000000,5.00000000,9.96631930
28.90000000,5.00000000,10.94046591
29.00000000,4.00000000,9.63190673
29.10000000,4.00000000,9.22852316
29.20000000,4.00000000,9.00596993
29.30000000,4.00000000,8.97464967
29.40000000,5.00000000,10.01170124
29.50000000,5.00000000,10.69136380
29.60000000,5.00000000,11.00406889
29.70000000,5.00000000,11.02157308
29.80000000,4.00000000,10.09831017
29.90000000,4.00000000,9.38009972
30.00000000,4.00000000,8.75001799
30.10000000,5.00000000,10.09846959
30.20000000,5.00000000,10.53674758
30.30000000,5.00000000,10.97421468
30.40000000,4.00000000,9.92649852
30.50000000,4.00000000,9.44258479
30.60000000,4.00000000,9.03199693
30.70000000,4.00000000,9.06962443
30.80000000,4.00000000,8.92705519
30.90000000,4.00000000,8.58549875
31.00000000,4.00000000,8.93833834
31.10000000,4.00000000,8.93100715
31.20000000,4.00000000,8.81154417
31.30000000,4.00000000,9.09451045
31.40000000,4.00000000,9.03202096
31.50000000,4.00000000,8.86779295
31.60000000,4.00000000,8.76880643
31.70000000,4.00000000,8.86317550
31.80000000,4.00000000,8.75198246
31.90000000,4.00000000,8.80196464
32.00000000,4.00000000,8.89920205
32.10000000,4.00000000,8.85033096
32.20000000,4.00000000,8.86090670
32.30000000,4.00000000,8.86514241
32.40000000,4.00000000,8.77684845
32.50000000,4.00000000,8.86513958
32.60000000,4.00000000,8.85666469
32.70000000,4.00000000,8.95928833
32.80000000,4.00000000,8.67369133
32.90000000,4.00000000,8.88638636
33.00000000,4.00000000,8.68391268
33.10000000,4.00000000,8.84609069
33.20000000,4.00000000,8.89277685
33.30000000,4.00000000,8.69210469
33.40000000,4.00000000,8.77684627
33.50000000,4.00000000,8.67777668
33.60000000,4.00000000,8.80191837
33.70000000,4.00000000,8.60674320
33.80000000,4.00000000,8.85031734
33.90000000,4.00000000,8.82711254
34.00000000,4.00000000,8.97659145
34.10000000,4.00000000,8.92914520
34.20000000,4.00000000,8.80401264
34.30000000,4.00000000,8.78518997
34.40000000,4.00000000,8.57460151
34.50000000,4.00000000,8.76435695
34.60000000,4.00000000,8.93558918
34.70000000,4.00000000,8.91628013
34.80000000,4.00000000,8.75812279
34.90000000,4.00000000,8.78518997
35.00000000,4.00000000,8.86089931
35.10000000,4.00000000,8.85243259
35.20000000,4.00000000,8.76851688
35.30000000,4.00000000,8.94634853
35.40000000,4.00000000,8.91413914
35.50000000,4.00000000,8.98743473
35.60000000,4.00000000,8.82080208
35.70000000,4.00000000,8.88213001
35.80000000,4.00000000,9.07942425
35.90000000,4.00000000,8.94634853
36.00000000,4.00000000,8.85454784
36.10000000,4.00000000,8.91413914
36.20000000,4.00000000,8.95281444
36.30000000,4.00000000,8.79563843
36.40000000,4.00000000,8.71470199
36.50000000,4.00000000,8.66552864
36.60000000,4.00000000,8.80191837
36.70000000,4.00000000,8.92485367
36.80000000,4.00000000,8.89704262
36.90000000,4.00000000,8.77476250
37.00000000,4.00000000,9.00919090
37.10000000,4.00000000,8.98092686
37.20000000,4.00000000,8.59466587
37.30000000,4.00000000,8.86301838
37.40000000,4.00000000,9.11267219
37.50000000,4.00000000,9.11489616
37.60000000,4.00000000,8.96577011
37.70000000,4.00000000,8.89490925
37.80000000,4.00000000,8.93129288
37.90000000,4.00000000,8.65941559
38.00000000,4.00000000,9.03541885
38.10000000,4.00000000,8.63098560
38.20000000,4.00000000,9.00047813
38.30000000,4.00000000,8.76435695
38.40000000,4.00000000,8.85243259
38.50000000,4.00000000,8.95281444
38.60000000,4.00000000,9.04638515
38.70000000,4.00000000,8.97225986
38.80000000,4.00000000,8.76851688
38.90000000,4.00000000,9.02228866
39.00000000,4.00000000,8.97875820
39.10000000,4.00000000,8.70236336
39.20000000,4.00000000,9.05737530
39.30000000,4.00000000,8.78310238
39.40000000,4.00000000,9.14836918
39.50000000,4.00000000,8.91413914
39.60000000,4.00000000,8.89917694
39.70000000,5.00000000,10.28483528
39.80000000,5.00000000,10.49374365
39.90000000,5.00000000,11.11878471
40.00000000,5.00000000,10.72896113
40.10000000,5.00000000,11.20999465
40.20000000,4.00000000,9.83547160
40.30000000,4.00000000,9.01909830
40.40000000,4.00000000,9.18608546
40.50000000,5.00000000,10.15053588
40.60000000,5.00000000,10.90394648
40.70000000,4.00000000,9.90957023
40.80000000,4.00000000,9.20199175
40.90000000,4.00000000,8.96386275
41.00000000,4.00000000,8.83677398
41.10000000,4.00000000,8.75437056
41.20000000,5.00000000,10.05786677
41.30000000,5.00000000,10.75987122
41.40000000,4.00000000,9.94175981
41.50000000,4.00000000,8.92391955
41.60000000,4.00000000,9.14140578
41.70000000,4.00000000,9.04444557
41.80000000,4.00000000,8.99124004
41.90000000,4.00000000,8.78584173
42.00000000,4.00000000,8.71176351
42.10000000,4.00000000,8.91495995
42.20000000,4.00000000,8.87427122
42.30000000,4.00000000,8.75339926
42.40000000,4.00000000,8.86595349
42.50000000,4.00000000,9.04902377
42.60000000,4.00000000,8.81684021
42.70000000,4.00000000,8.76448720
42.80000000,4.00000000,8.69627616
42.90000000,4.00000000,8.69624383
43.00000000,4.00000000,8.99614733
43.10000000,4.00000000,8.57661552
43.20000000,4.00000000,8.70442465
43.30000000,4.00000000,8.81030641
43.40000000,4.00000000,8.61885094
43.50000000,4.00000000,8.62491454
43.60000000,4.00000000,8.92485420
43.70000000,4.00000000,8.86513869
43.80000000,4.00000000,8.86725953
43.90000000,4.00000000,8.92485375
44.00000000,4.00000000,9.12603036
44.10000000,4.00000000,8.97009600
44.20000000,5.00000000,10.15209050
44.30000000,5.00000000,10.87226463
44.40000000,5.00000000,10.69830112
44.50000000,5.00000000,11.14147583
44.60000000,4.00000000,9.79632787
44.70000000,4.00000000,9.26074044
44.80000000,4.00000000,8.70307538
44.90000000,4.00000000,8.89620246
45.00000000,4.00000000,8.90377049
45.10000000,4.00000000,8.81773854
45.20000000,4.00000000,9.03865270
45.30000000,5.00000000,10.05477388
45.40000000,5.00000000,10.77904732
45.50000000,5.00000000,10.77994729
45.60000000,5.00000000,10.69792409
45.70000000,4.00000000,9.70022195
45.80000000,4.00000000,8.94300958
45.90000000,4.00000000,9.08252734
46.00000000,4.00000000,8.80256074
46.10000000,4.00000000,9.01522670
46.20000000,5.00000000,10.12420932
46.30000000,5.00000000,10.74298457
46.40000000,4.00000000,9.73356158
46.50000000,4.00000000,9.17152862
46.60000000,4.00000000,8.99715856
46.70000000,5.00000000,9.76595633
46.80000000,5.00000000,10.56423393
46.90000000,5.00000000,10.79953278
47.00000000,4.00000000,9.96038546
47.10000000,4.00000000,8.95383704
47.20000000,4.00000000,9.05688837
47.30000000,5.00000000,10.09140463
47.40000000,5.00000000,10.78197573
47.50000000,5.00000000,10.94936615
47.60000000,5.00000000,11.02994386
47.70000000,5.00000000,11.19859745
47.80000000,5.00000000,11.08670825
47.90000000,5.00000000,11.28290576
48.00000000,5.00000000,11.21785367
48.10000000,5.00000000,10.92000315
48.20000000,4.00000000,9.76902097
48.30000000,4.00000000,9.32078050
48.40000000,5.00000000,10.19263824
48.50000000,5.00000000,10.85562271
48.60000000,4.00000000,9.90942377
48.70000000,4.00000000,8.62656218
48.80000000,4.00000000,8.83670921
48.90000000,4.00000000,8.82354968
49.00000000,4.00000000,8.78931261
49.10000000,4.00000000,8.77936480
49.20000000,4.00000000,8.80185470
49.30000000,4.00000000,9.18995181
49.40000000,4.00000000,8.69516656
49.50000000,4.00000000,8.99344120
49.60000000,4.00000000,8.80282000
49.70000000,4.00000000,8.70901813
49.80000000,4.00000000,8.92511917
49.90000000,4.00000000,8.61899322
50.00000000,4.00000000,8.90211791
50.10000000,4.00000000,8.88941164
50.20000000,4.00000000,8.83726248
50.30000000,4.00000000,8.84349399
50.40000000,4.00000000,8.83326322
50.50000000,4.00000000,8.85956174
50.60000000,4.00000000,8.87995010
50.70000000,4.00000000,8.86236533
50.80000000,4.00000000,8.80137732
50.90000000,5.00000000,10.00441944
51.00000000,5.00000000,10.70136598
51.10000000,5.00000000,10.96179795
51.20000000,5.00000000,10.99071938
51.30000000,4.00000000,9.97881976
51.40000000,4.00000000,9.21878102
51.50000000,5.00000000,10.08738461
51.60000000,5.00000000,10.83706320
51.70000000,5.00000000,10.98684152
51.80000000,5.00000000,10.99729957
51.90000000,5.00000000,11.05405773
52.00000000,5.00000000,11.07678942
52.10000000,5.00000000,11.05547866
52.20000000,5.00000000,10.99935746
52.30000000,5.00000000,11.04096311
52.40000000,5.00000000,11.05477375
52.50000000,5.00000000,11.07634211
52.60000000,5.00000000,11.06406131
52.70000000,4.00000000,9.98626464
52.80000000,4.00000000,9.19032160
52.90000000,4.00000000,9.03547682
53.00000000,4.00000000,8.92284907
53.10000000,4.00000000,8.85146902
53.20000000,4.00000000,8.85230968
53.30000000,4.00000000,8.87604870
53.40000000,4.00000000,8.88345468
53.50000000,4.00000000,8.86482634
53.60000000,4.00000000,8.85349286
53.70000000,4.00000000,8.87496467
53.80000000,4.00000000,8.84041283
53.90000000,4.00000000,8.84324964
54.00000000,4.00000000,8.83457697
54.10000000,4.00000000,8.86973970
54.20000000,4.00000000,8.87944589
54.30000000,4.00000000,8.82758062
54.40000000,4.00000000,8.86825990
54.50000000,4.00000000,8.83041471
54.60000000,4.00000000,8.85787709
54.70000000,4.00000000,8.83126435
54.80000000,4.00000000,8.89901914
54.90000000,4.00000000,8.90423535
55.00000000,4.00000000,8.81580365
55.10000000,4.00000000,8.82154363
55.20000000,4.00000000,8.91380628
55.30000000,4.00000000,8.87243249
55.40000000,4.00000000,8.86656617
55.50000000,4.00000000,8.86544655
55.60000000,4.00000000,8.81982300
55.70000000,4.00000000,8.89929268
55.80000000,4.00000000,8.87521930
55.90000000,5.00000000,9.98985914
56.00000000,5.00000000,10.73359498
56.10000000,4.00000000,9.74991209
56.20000000,4.00000000,9.12328707
56.30000000,4.00000000,8.98926307
56.40000000,5.00000000,10.13951032
56.50000000,5.00000000,10.74718298
56.60000000,5.00000000,10.93612150
56.70000000,5.00000000,11.04441178
56.80000000,4.00000000,9.97062649
56.90000000,4.00000000,9.21632273
57.00000000,4.00000000,8.95486160
57.10000000,5.00000000,10.04713424
57.20000000,5.00000000,10.79894647
57.30000000,5.00000000,10.98578054
57.40000000,4.00000000,9.86522384
57.50000000,4.00000000,9.09403849
57.60000000,4.00000000,8.98156611
57.70000000,4.00000000,8.90230840
57.80000000,5.00000000,10.06762321
57.90000000,5.00000000,10.79920537
58.00000000,4.00000000,9.83235011
58.10000000,4.00000000,9.13665759
58.20000000,4.00000000,8.89150631
58.30000000,5.00000000,10.03447409
58.40000000,5.00000000,10.76210388
58.50000000,5.00000000,10.91462408
58.60000000,5.00000000,11.00308040
58.70000000,5.00000000,11.01970672
58.80000000,4.00000000,9.89469485
58.90000000,4.00000000,9.16506199
59.00000000,5.00000000,10.15009405
59.10000000,5.00000000,10.82004197
59.20000000,4.00000000,9.82251066
59.30000000,4.00000000,9.11280748
59.40000000,4.00000000,9.01817967
59.50000000,4.00000000,8.88555255
59.60000000,4.00000000,8.92842870
59.70000000,5.00000000,9.92884179
59.80000000,5.00000000,10.69757309
59.90000000,5.00000000,10.88665822
60.00000000,5.00000000,10.98983000
60.10000000,4.00000000,9.97724568
60.20000000,4.00000000,9.10037517
60.30000000,5.00000000,10.07690076
60.40000000,5.00000000,10.86003243
60.50000000,4.00000000,9.84278055
60.60000000,4.00000000,9.14017357
60.70000000,5.00000000,10.09933384
60.80000000,5.00000000,10.76478451
60.90000000,5.00000000,10.90716823
61.00000000,4.00000000,9.90562067
61.10000000,4.00000000,9.20402845
61.20000000,4.00000000,9.01971979
61.30000000,4.00000000,8.91080614
61.40000000,4.00000000,8.89673187
61.50000000,4.00000000,8.92326532
61.60000000,4.00000000,8.89340857
61.70000000,4.00000000,8.82836611
61.80000000,4.00000000,8.84261895
61.90000000,4.00000000,8.81159797
62.00000000,4.00000000,8.81104432
62.10000000,4.00000000,8.82980675
62.20000000,4.00000000,8.80976325
62.30000000,4.00000000,8.87732748
62.40000000,4.00000000,8.84130049
62.50000000,4.00000000,8.84551023
62.60000000,4.00000000,8.81266446
62.70000000,4.00000000,8.92551205
62.80000000,4.00000000,8.93442877
62.90000000,4.00000000,8.80514209
63.00000000,4.00000000,8.87605693
63.10000000,4.00000000,8.85646745
63.20000000,4.00000000,8.87521995
63.30000000,4.00000000,8.87494118
63.40000000,5.00000000,9.96381853
63.50000000,5.00000000,10.77802725
63.60000000,5.00000000,10.93665572
63.70000000,4.00000000,9.80803606
63.80000000,4.00000000,9.19016584
63.90000000,4.00000000,8.98561713
64.00000000,5.00000000,10.04060964
64.10000000,5.00000000,10.84917896
64.20000000,4.00000000,9.86871082
64.30000000,4.00000000,9.09184995
64.40000000,5.00000000,10.09752845
64.50000000,5.00000000,10.82435230
64.60000000,5.00000000,11.02661193
64.70000000,5.00000000,10.99662681
64.80000000,5.00000000,11.02628650
64.90000000,5.00000000,11.07947662
65.00000000,5.00000000,11.08894858
65.10000000,5.00000000,11.09889380
65.20000000,5.00000000,10.99717194
65.30000000,5.00000000,11.11795541
65.40000000,5.00000000,11.00309459
65.50000000,5.00000000,11.06120522
65.60000000,5.00000000,11.03265008
65.70000000,5.00000000,11.02442584
65.80000000,5.00000000,11.07063670
65.90000000,4.00000000,9.88270959
66.00000000,4.00000000,9.19631036
66.10000000,4.00000000,8.99566761
66.20000000,5.00000000,10.09861543
66.30000000,5.00000000,10.85086880
66.40000000,4.00000000,9.83829892
66.50000000,4.00000000,9.11009145
66.60000000,4.00000000,8.97372878
66.70000000,4.00000000,8.94768895
66.80000000,5.00000000,10.04246294
66.90000000,5.00000000,10.66353126
67.00000000,5.00000000,10.93845253
67.10000000,5.00000000,10.96862343
67.20000000,5.00000000,11.07678772
67.30000000,5.00000000,11.07324987
67.40000000,5.00000000,11.06097146
67.50000000,4.00000000,9.94915366
67.60000000,4.00000000,9.19857962
67.70000000,4.00000000,9.03830424
67.80000000,4.00000000,9.01183181
67.90000000,4.00000000,8.93506761
68.00000000,5.00000000,9.98113660
68.10000000,5.00000000,10.80419496
68.20000000,4.00000000,9.81003145
68.30000000,4.00000000,9.08974741
68.40000000,4.00000000,8.92626786
68.50000000,4.00000000,8.87841339
68.60000000,5.00000000,10.00132443
68.70000000,5.00000000,10.78351925
68.80000000,4.00000000,9.81800246
68.90000000,4.00000000,9.15683584
69.00000000,4.00000000,8.94758917
69.10000000,4.00000000,8.90812667
69.20000000,4.00000000,8.89298855
69.30000000,4.00000000,8.92038084
69.40000000,5.00000000,10.09443020
69.50000000,5.00000000,10.78346090
69.60000000,4.00000000,9.79378756
69.70000000,4.00000000,9.13146773
69.80000000,4.00000000,8.97641322
69.90000000,5.00000000,10.04300297
70.00000000,5.00000000,10.81251776
70.10000000,5.00000000,10.89020431
70.20000000,5.00000000,11.00986416
70.30000000,5.00000000,11.02919042
70.40000000,5.00000000,11.00801398
70.50000000,5.00000000,10.99438436
70.60000000,5.00000000,11.02257257
70.70000000,5.00000000,11.09687898
70.80000000,5.00000000,11.07671664
70.90000000,4.00000000,9.93546534
71.00000000,4.00000000,9.24161377
71.10000000,5.00000000,10.17500070
71.20000000,5.00000000,10.80034090
71.30000000,5.00000000,10.93728131
71.40000000,5.00000000,11.01767785
71.50000000,5.00000000,11.01683706
71.60000000,5.00000000,11.02441737
71.70000000,5.00000000,11.06762283
71.80000000,5.00000000,11.08081645
71.90000000,5.00000000,11.08841335
72.00000000,5.00000000,11.10959491
72.10000000,5.00000000,11.09367661
72.20000000,5.00000000,11.05927093
72.30000000,5.00000000,11.08253793
72.40000000,5.00000000,11.15341359
72.50000000,5.00000000,11.03742997
72.60000000,5.00000000,11.05172763
72.70000000,5.00000000,11.08722209
72.80000000,5.00000000,11.05146965
72.90000000,5.00000000,11.06704609
73.00000000,5.00000000,11.01618363
73.10000000,5.00000000,11.03978743
73.20000000,5.00000000,11.05659008
73.30000000,5.00000000,11.08445068
73.40000000,5.00000000,11.07885596
73.50000000,5.00000000,11.08835778
73.60000000,4.00000000,9.94994864
73.70000000,4.00000000,9.20358594
73.80000000,5.00000000,10.18715536
73.90000000,5.00000000,10.83721074
74.00000000,5.00000000,10.97430653
74.10000000,4.00000000,9.84804444
74.20000000,4.00000000,9.11729152
74.30000000,5.00000000,10.14962888
74.40000000,5.00000000,10.84187600
74.50000000,5.00000000,10.99974246
74.60000000,5.00000000,11.02032143
74.70000000,5.00000000,11.03999453
74.80000000,5.00000000,11.02648387
74.90000000,5.00000000,11.03323371
75.00000000,5.00000000,10.97521387
75.10000000,5.00000000,11.17231272
75.20000000,5.00000000,10.83461161
75.30000000,5.00000000,11.19918535
75.40000000,5.00000000,10.95407707
75.50000000,5.00000000,11.19977874
75.60000000,5.00000000,11.02115818
75.70000000,5.00000000,11.02335968
75.80000000,5.00000000,11.03834284
75.90000000,5.00000000,10.90879570
76.00000000,5.00000000,10.94801584
76.10000000,4.00000000,9.71302907
76.20000000,4.00000000,9.56295671
76.30000000,5.00000000,10.01863247
76.40000000,5.00000000,10.79309693
76.50000000,4.00000000,9.76117676
76.60000000,4.00000000,9.21736602
76.70000000,4.00000000,8.96896669
76.80000000,4.00000000,8.63556419
76.90000000,4.00000000,8.91618939
77.00000000,4.00000000,8.95663611
77.10000000,4.00000000,8.88912727
77.20000000,4.00000000,8.84837427
77.30000000,4.00000000,8.71453278
77.40000000,4.00000000,8.73270892
77.50000000,4.00000000,8.63332641
77.60000000,4.00000000,8.65719348
77.70000000,4.00000000,8.80674800
77.80000000,4.00000000,8.68539830
77.90000000,4.00000000,8.96666249
78.00000000,4.00000000,8.94167765
78.10000000,4.00000000,8.91239665
78.20000000,4.00000000,9.08548373
78.30000000,4.00000000,8.94997138
78.40000000,4.00000000,8.80220503
78.50000000,4.00000000,8.95620554
78.60000000,4.00000000,8.80648347
78.70000000,4.00000000,8.93746538
78.80000000,4.00000000,8.88505117
78.90000000,4.00000000,8.66550565
79.00000000,4.00000000,9.01406305
79.10000000,5.00000000,9.86737366
79.20000000,5.00000000,10.71057271
79.30000000,4.00000000,9.72942397
79.40000000,4.00000000,9.11556291
79.50000000,5.00000000,10.17417308
79.60000000,5.00000000,10.72821985
79.70000000,5.00000000,10.92492158
79.80000000,4.00000000,9.67847770
79.90000000,4.00000000,8.93592960
80.00000000,5.00000000,10.38015452
80.10000000,5.00000000,10.78695872
80.20000000,5.00000000,11.20790625
80.30000000,5.00000000,10.97912468
80.40000000,5.00000000,10.98600188
80.50000000,5.00000000,10.76246781
80.60000000,5.00000000,11.02649595
80.70000000,5.00000000,10.92969739
80.80000000,5.00000000,11.04190392
80.90000000,5.00000000,11.36713383
81.00000000,4.00000000,9.87346080
81.10000000,4.00000000,9.12097862
81.20000000,4.00000000,9.06562835
81.30000000,5.00000000,9.84015985
81.40000000,5.00000000,10.61898935
81.50000000,5.00000000,10.93458977
81.60000000,5.00000000,11.09535788
81.70000000,5.00000000,11.03276802
81.80000000,5.00000000,11.16105625
81.90000000,5.00000000,11.12033795
82.00000000,5.00000000,11.02812649
82.10000000,5.00000000,11.07972481
82.20000000,5.00000000,11.07062900
82.30000000,5.00000000,11.06719638
82.40000000,5.00000000,11.15592614
82.50000000,5.00000000,11.06787149
82.60000000,5.00000000,11.07647471
82.70000000,5.00000000,10.97392071
82.80000000,5.00000000,11.25955550
82.90000000,5.00000000,11.04688097
83.00000000,5.00000000,11.24936579
83.10000000,5.00000000,11.08719381
83.20000000,5.00000000,11.04051093
83.30000000,5.00000000,11.24118487
83.40000000,5.00000000,11.15644424
83.50000000,5.00000000,11.25551436
83.60000000,5.00000000,11.13137296
83.70000000,5.00000000,11.32654828
83.80000000,5.00000000,11.08297422
83.90000000,5.00000000,11.10617907
84.00000000,5.00000000,10.95670019
84.10000000,5.00000000,11.00414645
84.20000000,5.00000000,11.12927902
84.30000000,5.00000000,11.14810169
84.40000000,5.00000000,11.35869015
84.50000000,5.00000000,11.16893471
84.60000000,4.00000000,9.86571580
84.70000000,4.00000000,9.13001108
84.80000000,4.00000000,9.11595958
84.90000000,5.00000000,10.14780346
85.00000000,5.00000000,10.78920105
85.10000000,4.00000000,9.81746966
85.20000000,4.00000000,9.20837902
85.30000000,5.00000000,10.02222699
85.40000000,5.00000000,10.75353620
85.50000000,4.00000000,9.69185588
85.60000000,4.00000000,9.16117567
85.70000000,4.00000000,8.95721540
85.80000000,4.00000000,8.70274640
85.90000000,5.00000000,9.93851784
86.00000000,5.00000000,10.76958635
86.10000000,5.00000000,10.87367210
86.20000000,4.00000000,9.77145706
86.30000000,4.00000000,9.20901447
86.40000000,5.00000000,10.26878607
86.50000000,5.00000000,11.01022615
86.60000000,4.00000000,9.88175546
86.70000000,4.00000000,9.05950255
86.80000000,5.00000000,10.07558014
86.90000000,5.00000000,10.89510899
87.00000000,5.00000000,10.80327813
87.10000000,4.00000000,9.75671135
87.20000000,4.00000000,9.41723930
87.30000000,4.00000000,8.99241834
87.40000000,4.00000000,8.67821766
87.50000000,4.00000000,8.64271391
87.60000000,5.00000000,9.90591717
87.70000000,5.00000000,10.72208605
87.80000000,5.00000000,10.85264553
87.90000000,5.00000000,11.19474109
88.00000000,5.00000000,10.85509413
88.10000000,5.00000000,11.27910623
88.20000000,5.00000000,10.92022533
88.30000000,5.00000000,11.16210382
88.40000000,4.00000000,9.94516560
88.50000000,4.00000000,9.09146528
88.60000000,4.00000000,8.82660569
88.70000000,5.00000000,9.96014124
88.80000000,5.00000000,10.88126205
88.90000000,5.00000000,10.77942585
89.00000000,4.00000000,9.75305682
89.10000000,4.00000000,9.30638295
89.20000000,5.00000000,9.92833404
89.30000000,5.00000000,10.89385779
89.40000000,4.00000000,9.53595875
89.50000000,4.00000000,9.07057202
89.60000000,4.00000000,8.94165175
89.70000000,4.00000000,8.63012697
89.80000000,4.00000000,9.14657326
89.90000000,4.00000000,8.67779533
90.00000000,4.00000000,9.13205435
90.10000000,4.00000000,8.68424016
90.20000000,4.00000000,8.94465319
90.30000000,4.00000000,9.01570067
90.40000000,4.00000000,8.68176075
90.50000000,4.00000000,8.77907349
90.60000000,4.00000000,8.74431752
90.70000000,4.00000000,8.75933551
90.80000000,5.00000000,9.90635009
90.90000000,5.00000000,10.75943309
91.00000000,4.00000000,9.87096427
91.10000000,4.00000000,9.24289551
91.20000000,4.00000000,8.92174877
91.30000000,4.00000000,8.91379382
91.40000000,4.00000000,8.74078102
91.50000000,4.00000000,9.05982192
91.60000000,4.00000000,8.69889671
91.70000000,5.00000000,9.87023113
91.80000000,5.00000000,10.64892192
91.90000000,5.00000000,11.01065423
92.00000000,5.00000000,11.14920635
92.10000000,5.00000000,10.97925011
92.20000000,5.00000000,11.03782683
92.30000000,5.00000000,11.16839288
92.40000000,5.00000000,11.06109804
92.50000000,5.00000000,10.88088169
92.60000000,5.00000000,11.11461393
92.70000000,5.00000000,11.16780733
92.80000000,5.00000000,11.23647441
92.90000000,5.00000000,11.23675420
93.00000000,5.00000000,10.93698499
93.10000000,5.00000000,11.35658968
93.20000000,5.00000000,11.22882010
93.30000000,5.00000000,11.12295980
93.40000000,5.00000000,11.31442690
93.50000000,5.00000000,11.30836963
93.60000000,5.00000000,11.00843339
93.70000000,5.00000000,11.06815077
93.80000000,5.00000000,11.06603094
93.90000000,5.00000000,11.00843726
94.00000000,5.00000000,10.80726096
94.10000000,5.00000000,10.96319547
94.20000000,5.00000000,10.91318775
94.30000000,5.00000000,10.94802743
94.40000000,5.00000000,11.29419980
94.50000000,5.00000000,10.92410075
94.60000000,5.00000000,11.17516886
94.70000000,5.00000000,10.97616279
94.80000000,5.00000000,11.37268722
94.90000000,5.00000000,11.11248958
95.00000000,5.00000000,11.07027328
95.10000000,5.00000000,11.13765323
95.20000000,5.00000000,10.90663040
95.30000000,5.00000000,11.01701153
95.40000000,5.00000000,11.04477585
95.50000000,5.00000000,11.21446979
95.60000000,5.00000000,11.36869228
95.70000000,5.00000000,11.27183903
95.80000000,5.00000000,11.29419983
95.90000000,5.00000000,10.99340141
96.00000000,5.00000000,11.20622146
96.10000000,5.00000000,10.95886600
96.20000000,5.00000000,10.96319568
96.30000000,5.00000000,11.08931339
96.40000000,5.00000000,11.13346756
96.50000000,5.00000000,11.01058281
96.60000000,5.00000000,11.04903400
96.70000000,5.00000000,11.35869015
96.80000000,5.00000000,11.28811157
96.90000000,5.00000000,11.21034801
97.00000000,5.00000000,10.98263443
97.10000000,5.00000000,11.26776302
97.20000000,5.00000000,11.01058281
97.30000000,5.00000000,11.04477585
97.40000000,5.00000000,11.07662761
97.50000000,5.00000000,11.06391037
97.60000000,5.00000000,11.04690540
97.70000000,5.00000000,10.91100300
97.80000000,5.00000000,11.04051483
97.90000000,5.00000000,10.85386741
98.00000000,5.00000000,10.92410076
98.10000000,5.00000000,11.22476280
98.20000000,5.00000000,11.24528396
98.30000000,5.00000000,10.93933857
98.40000000,5.00000000,11.02770794
98.50000000,5.00000000,11.04690540
98.60000000,5.00000000,10.99555195
98.70000000,5.00000000,11.57612694
98.80000000,5.00000000,11.22064865
98.90000000,5.00000000,11.17516887
99.00000000,5.00000000,11.17932022
99.10000000,5.00000000,11.17309082
99.20000000,5.00000000,11.14183510
99.30000000,5.00000000,10.74898231
99.40000000,5.00000000,11.24118698
99.50000000,5.00000000,10.94151199
99.60000000,5.00000000,11.13137329
99.70000000,5.00000000,11.22476280
99.80000000,5.00000000,11.00843799
99.90000000,5.00000000,11.31444252
